University,Location,Province,Established,Type,Campuses,Specialization,Specialization_Detail,Programs_Offered,Acceptance_Rate_%,Annual_Fee_PKR,Student_Faculty_Ratio,Ranking_Pakistan,HEC_Recognized,Application_Deadline,Min_Entry_Test,Hostel_Available,Scholarship_Available,Website
Riphah International University,Islamabad,Federal Capital Territory,2002,Private,"Faisalabad,Lahore,Malakand",General,General / Multi-disciplinary,BS Computer Science; BBA; MBA; BS Software Engineering; BS Psychology; LLB; BS Mass Communication,71.2,526225,23:1,17,True,September 15,NTS,True,False,https://www.riphah.edu.pk
Capital University of Science & Technology,Islamabad,Federal Capital Territory,1998,Private,,General,Engineering & Technology,BS Electrical Engineering; BS Civil Engineering; BS Mechanical Engineering; BS Computer Science; BS Software Engineering; MS Engineering; PhD Engineering,74.1,534785,23:1,18,True,January 15,ECAT,True,False,https://www.capital-science-technology.edu.pk
Quaid-i-Azam University,Islamabad,Federal Capital Territory,1967,Public,,General,General / Multi-disciplinary,BS Computer Science; BS Physics; BS Chemistry; BS Mathematics; MBA; LLB; BS English; MS various,26.4,57811,22:1,1,True,August 15,NTS,True,True,https://www.qau.edu.pk
Pakistan Institute of Engineering and Applied Sciences,Islamabad,Federal Capital Territory,1967,Public,,General,Engineering & Technology,BS Electrical Engineering; BS Civil Engineering; BS Mechanical Engineering; BS Computer Science; BS Software Engineering; MS Engineering; PhD Engineering,53.2,56956,26:1,20,True,September 15,ECAT,True,True,https://www.pakistan-institute-engineering.edu.pk
"National Defence University, Pakistan",Islamabad,Federal Capital Territory,1970,Public,,General,Defence & Strategic Studies,BS Defence Studies; BS Strategic Studies; MBA; MS War Studies; BS Computer Science,7.0,204472,28:1,21,True,July 31,NTS,True,True,https://www.national-defence-pakistan.edu.pk
Allama Iqbal Open University,Islamabad,Federal Capital Territory,1974,Public,,General,Distance & Open Learning,BA; B.Com; BS Education; MBA; MA; MEd; MPhil (Distance Learning),58.9,37298,28:1,22,True,August 15,AIOU Own Test,True,True,https://www.aiou.edu.pk
"International Islamic University, Islamabad",Islamabad,Federal Capital Territory,1980,Public,,General,Islamic Studies,BS Islamic Studies; LLB Shariah; MA Quran & Tafseer; MS Fiqh; PhD Islamic Studies; BA Arabic,44.5,250145,30:1,16,True,July 31,NTS,True,True,https://www.iiu.edu.pk
"National University of Sciences and Technology, Pakistan",Islamabad,Federal Capital Territory,1991,Public,,General,Engineering & Technology,BS Electrical Engineering; BS Civil Engineering; BS Mechanical Engineering; BS Computer Science; BS Software Engineering; MS Engineering; PhD Engineering,49.4,144104,31:1,3,True,August 31,NET,True,True,https://www.nust.edu.pk
COMSATS University,Islamabad,Federal Capital Territory,1998,Public,"Abbottabad,Attock,Lahore,Vehari,Sahiwal,Wah",General,General / Multi-disciplinary,BS Computer Science; BS Software Engineering; BS Data Science; BS AI; MS Computer Science; BS Cyber Security,34.1,241294,34:1,5,True,July 31,HAT,True,True,https://www.comsats.edu.pk
National University of Computer and Emerging Sciences,Islamabad,Federal Capital Territory,2000,Private,"Chiniot,Karachi,Lahore,Peshawar",General,Computer Science & IT,BS Computer Science; BS Software Engineering; BS Data Science; BS AI; MS Computer Science; BS Cyber Security,54.4,333709,25:1,8,True,February 28,University Own Test,True,True,https://www.nu.edu.pk
Bahria University,Islamabad,Federal Capital Territory,2000,Public,"Karachi,Lahore",General,General / Multi-disciplinary,BS Computer Science; BS Physics; BS Chemistry; BS Mathematics; MBA; LLB; BS English; MS various,59.1,62012,27:1,13,True,August 31,NTS,True,True,https://www.bahria.edu.pk
Sir Syed CASE Institute of Technology,Islamabad,Federal Capital Territory,2001,Private,Sheikhupura,General,Engineering & Technology,BS Electrical Engineering; BS Civil Engineering; BS Mechanical Engineering; BS Computer Science; BS Software Engineering; MS Engineering; PhD Engineering,77.7,634286,13:1,28,True,October 15,ECAT,True,True,https://www.sir-syed-case.edu.pk
"Federal Urdu University of Arts, Science and Technology",Islamabad,Federal Capital Territory,1949,Public,Karachi,General,"Arts, Design & Architecture",BFA; BS Graphic Design; BS Architecture; BS Interior Design; MA Visual Arts; MFA,57.1,145638,25:1,29,True,August 31,ECAT,True,True,https://www.federal-urdu-arts.edu.pk
Institute of Space Technology,Islamabad,Federal Capital Territory,2002,Public,,General,Engineering & Technology,BS Electrical Engineering; BS Civil Engineering; BS Mechanical Engineering; BS Computer Science; BS Software Engineering; MS Engineering; PhD Engineering,48.7,225682,28:1,30,True,July 31,ECAT,True,True,https://www.institute-space-technology.edu.pk
"Foundation University, Islamabad",Islamabad,Federal Capital Territory,2002,Private,"Rawalpindi,Sialkot",General,General / Multi-disciplinary,BS Computer Science; BBA; MBA; BS Software Engineering; BS Psychology; LLB; BS Mass Communication,70.3,269725,20:1,31,True,August 31,NTS,True,True,https://www.foundation-islamabad.edu.pk
National University of Modern Languages,Islamabad,Federal Capital Territory,1969,Public,"Faisalabad,Lahore,Multan,Karachi,Hyderabad,Peshawar,Quetta,Gwadar",General,Languages & Literature,BS English; BS Urdu; BS Arabic; BS French; MA Linguistics; BS Chinese; Diploma in Languages,46.1,217772,27:1,32,True,August 31,NTS,True,True,https://www.national-modern-languages.edu.pk
"Air University, Islamabad",Islamabad,Federal Capital Territory,2002,Public,"Multan,Kamra",General,General / Multi-disciplinary,BS Computer Science; BS Physics; BS Chemistry; BS Mathematics; MBA; LLB; BS English; MS various,44.9,58414,30:1,15,True,September 15,HAT,True,True,https://www.air-islamabad.edu.pk
Shifa Tameer-e-Millat University,Islamabad,Federal Capital Territory,2012,Private,,General,Medical & Health Sciences,MBBS; BDS; Pharm-D; BS Nursing; BS Physiotherapy; MD; MS Pathology; MPH,54.0,658746,21:1,34,True,September 30,NTS,False,True,https://www.shifa-tameer-e-millat.edu.pk
Shaheed Zulfiqar Ali Bhutto Medical University,Islamabad,Federal Capital Territory,2013,Public,,Medical,Medical & Health Sciences,MBBS; BDS; Pharm-D; BS Nursing; BS Physiotherapy; MD; MS Pathology; MPH,18.3,200285,24:1,35,True,August 31,MDCAT,True,True,https://www.shaheed-zulfiqar-ali.edu.pk
Muslim Youth University,Islamabad,Federal Capital Territory,2015,Private,,General,General / Multi-disciplinary,BS Computer Science; BBA; MBA; BS Software Engineering; BS Psychology; LLB; BS Mass Communication,56.2,570588,20:1,36,True,January 15,University Own Test,False,True,https://www.muslim-youth.edu.pk
National University of Technology,Islamabad,Federal Capital Territory,2018,Public,,Engineering and Technology,Engineering & Technology,BS Electrical Engineering; BS Civil Engineering; BS Mechanical Engineering; BS Computer Science; BS Software Engineering; MS Engineering; PhD Engineering,50.9,202969,32:1,37,True,August 31,ECAT,True,True,https://www.national-technology.edu.pk
Pakistan Institute of Development Economics,Islamabad,Federal Capital Territory,1957,Public,,General,General / Multi-disciplinary,BS Computer Science; BS Physics; BS Chemistry; BS Mathematics; MBA; LLB; BS English; MS various,44.6,86262,35:1,38,True,July 31,NTS,True,True,https://www.pakistan-institute-development.edu.pk
National Skills University,Islamabad,Federal Capital Territory,2021,Public,,Engineering and Technology,Engineering & Technology,BS Electrical Engineering; BS Civil Engineering; BS Mechanical Engineering; BS Computer Science; BS Software Engineering; MS Engineering; PhD Engineering,63.8,90066,25:1,39,True,September 15,University Own Test,True,True,https://www.national-skills.edu.pk
Ibadat International University,Islamabad,Federal Capital Territory,1998,Private,,General,Business & Management,BS Computer Science; BBA; MBA; BS Software Engineering; BS Psychology; LLB; BS Mass Communication,53.9,380078,21:1,40,True,November 30,IBA Entry Test,True,True,https://www.ibadat-international.edu.pk
University of Balochistan,Quetta,Balochistan,1970,Public,"Mastung,Kharan,Pishin",General,General / Multi-disciplinary,BS Computer Science; BS Physics; BS Chemistry; BS Mathematics; MBA; LLB; BS English; MS various,67.1,275648,20:1,41,True,July 31,University Own Test,True,True,https://www.balochistan.edu.pk
Balochistan University of Engineering and Technology,Khuzdar,Balochistan,1987,Public,,Engineering and Technology,Engineering & Technology,BS Electrical Engineering; BS Civil Engineering; BS Mechanical Engineering; BS Computer Science; BS Software Engineering; MS Engineering; PhD Engineering,64.5,246838,28:1,42,True,August 31,ECAT,True,True,https://www.balochistan-engineering-technology.edu.pk
Al-Hamd Islamic University,Quetta,Balochistan,1995,Private,Islamabad,General,Islamic Studies,BS Islamic Studies; LLB Shariah; MA Quran & Tafseer; MS Fiqh; PhD Islamic Studies; BA Arabic,55.3,407942,14:1,43,True,November 30,NTS,True,True,https://www.al-hamd-islamic.edu.pk
"Balochistan University of Information Technology, Engineering and Management Sciences",Quetta,Balochistan,2002,Public,Zhob,General,Engineering & Technology,BS Electrical Engineering; BS Civil Engineering; BS Mechanical Engineering; BS Computer Science; BS Software Engineering; MS Engineering; PhD Engineering,64.3,119045,25:1,44,True,July 31,ECAT,True,True,https://www.balochistan-information-technology.edu.pk
Sardar Bahadur Khan Women's University,Quetta,Balochistan,2004,Public,"Noshki,Pishin,Khuzdar",General,General / Multi-disciplinary,BS Computer Science; BS Physics; BS Chemistry; BS Mathematics; MBA; LLB; BS English; MS various,64.1,128235,26:1,45,True,August 15,HAT,True,True,https://www.sardar-bahadur-khan.edu.pk
"Lasbela University of Agriculture, Water and Marine Sciences",Lasbela,Balochistan,2005,Public,"Wadh,Dera Murad Jamali",General,Agriculture & Veterinary Sciences,BS Agriculture; BS Horticulture; DVM; BS Food Science; MS Agricultural Sciences; BS Forestry,60.9,191394,20:1,46,True,August 31,HAT,True,True,https://www.lasbela-agriculture-water.edu.pk
University of Turbat,Turbat,Balochistan,2012,Public,"Gwadar
(2016-2021)",General,General / Multi-disciplinary,BS Computer Science; BS Physics; BS Chemistry; BS Mathematics; MBA; LLB; BS English; MS various,38.6,145153,29:1,47,True,August 15,NTS,True,True,https://www.turbat.edu.pk
University of Loralai,Loralai,Balochistan,2009,Public,,General,General / Multi-disciplinary,BS Computer Science; BS Physics; BS Chemistry; BS Mathematics; MBA; LLB; BS English; MS various,45.2,198729,22:1,48,True,July 31,University Own Test,True,True,https://www.loralai.edu.pk
Mir Chakar Khan Rind University,Sibi,Balochistan,2019,Public,,General,General / Multi-disciplinary,BS Computer Science; BS Physics; BS Chemistry; BS Mathematics; MBA; LLB; BS English; MS various,52.6,68143,24:1,49,True,August 15,University Own Test,True,True,https://www.mir-chakar-khan.edu.pk
University of Gwadar,Gwadar,Balochistan,2021,Public,,General,General / Multi-disciplinary,BS Computer Science; BS Physics; BS Chemistry; BS Mathematics; MBA; LLB; BS English; MS various,52.3,194127,25:1,50,True,August 31,University Own Test,True,True,https://www.gwadar.edu.pk
Islamia College University,Peshawar,Khyber Pakhtunkhwa,1913,Public,,General,General / Multi-disciplinary,BS Computer Science; BS Physics; BS Chemistry; BS Mathematics; MBA; LLB; BS English; MS various,64.2,160923,26:1,51,True,August 15,University Own Test,True,True,https://www.islamia-college.edu.pk
Pakistan Military Academy,Abbotabad,Khyber Pakhtunkhwa,1947,Military,,General,Defence & Strategic Studies,BS Defence Studies; BS Strategic Studies; MBA; MS War Studies; BS Computer Science,7.8,148039,13:1,52,True,September 15,ISSB / PAF Selection Test,True,True,https://www.pakistan-military-academy.edu.pk
Pakistan Air Force Academy,Risalpur,Khyber Pakhtunkhwa,1947,Military,,General,General / Multi-disciplinary,BS Defence Studies; BS Strategic Studies; MBA; MS War Studies; BS Computer Science,67.0,119177,9:1,53,True,August 15,ISSB / PAF Selection Test,True,True,https://www.pakistan-air-force.edu.pk
University of Peshawar,Peshawar,Khyber Pakhtunkhwa,1950,Public,,General,General / Multi-disciplinary,BS Computer Science; BS Physics; BS Chemistry; BS Mathematics; MBA; LLB; BS English; MS various,44.7,138627,20:1,12,True,August 15,University Own Test,True,True,https://www.peshawar.edu.pk
Gomal University,Dera Ismail Khan,Khyber Pakhtunkhwa,1974,Public,Tank,General,General / Multi-disciplinary,BS Computer Science; BS Physics; BS Chemistry; BS Mathematics; MBA; LLB; BS English; MS various,44.6,68610,21:1,55,True,August 15,NTS,True,True,https://www.gomal.edu.pk
"University of Engineering and Technology, Peshawar",Peshawar,Khyber Pakhtunkhwa,1980,Public,"Abbottabad,Bannu,Jalozai,Kohat",General,Engineering & Technology,BS Electrical Engineering; BS Civil Engineering; BS Mechanical Engineering; BS Computer Science; BS Software Engineering; MS Engineering; PhD Engineering,65.2,275348,30:1,56,True,July 31,ECAT,True,True,https://www.engineering-technology-peshawar.edu.pk
"University of Agriculture, Peshawar",Peshawar,Khyber Pakhtunkhwa,1981,Public,Mardan,General,Agriculture & Veterinary Sciences,BS Agriculture; BS Horticulture; DVM; BS Food Science; MS Agricultural Sciences; BS Forestry,53.4,123001,35:1,57,True,August 15,University Own Test,True,True,https://www.agriculture-peshawar.edu.pk
Preston University,Kohat,Khyber Pakhtunkhwa,1984,Private,"Karachi,Islamabad,Lahore,Peshawar",General,General / Multi-disciplinary,BS Computer Science; BBA; MBA; BS Software Engineering; BS Psychology; LLB; BS Mass Communication,56.0,670478,21:1,58,True,February 28,University Own Test,True,False,https://www.preston.edu.pk
CECOS University of Information Technology and Emerging Sciences,Peshawar,Khyber Pakhtunkhwa,1986,Private,,General,Engineering & Technology,BS Electrical Engineering; BS Civil Engineering; BS Mechanical Engineering; BS Computer Science; BS Software Engineering; MS Engineering; PhD Engineering,66.2,393416,15:1,59,True,July 31,ECAT,True,False,https://www.cecos-information-technology.edu.pk
Ghulam Ishaq Khan Institute of Engineering Sciences and Technology,Swabi,Khyber Pakhtunkhwa,1988,Private,,General,Engineering & Technology,BS Electrical Engineering; BS Civil Engineering; BS Mechanical Engineering; BS Computer Science; BS Software Engineering; MS Engineering; PhD Engineering,64.9,402077,18:1,14,True,November 30,ECAT,True,True,https://www.ghulam-ishaq-khan.edu.pk
Kohat University of Science and Technology,Kohat,Khyber Pakhtunkhwa,2001,Public,Hangu,General,Engineering & Technology,BS Electrical Engineering; BS Civil Engineering; BS Mechanical Engineering; BS Computer Science; BS Software Engineering; MS Engineering; PhD Engineering,39.6,221299,23:1,61,True,July 31,ECAT,True,True,https://www.kohat-science-technology.edu.pk
University of Malakand,Chakdara,Khyber Pakhtunkhwa,2001,Public,,General,General / Multi-disciplinary,BS Computer Science; BS Physics; BS Chemistry; BS Mathematics; MBA; LLB; BS English; MS various,50.1,138946,23:1,62,True,August 15,NTS,True,True,https://www.malak.edu.pk
Qurtuba University,Peshawar,Khyber Pakhtunkhwa,2001,Private,Dera Ismail Khan,General,General / Multi-disciplinary,BS Computer Science; BBA; MBA; BS Software Engineering; BS Psychology; LLB; BS Mass Communication,57.7,415202,14:1,63,True,October 15,NTS,True,True,https://www.qurtuba.edu.pk
Sarhad University of Science and Information Technology,Peshawar,Khyber Pakhtunkhwa,2001,Private,United Arab Emirates,General,Engineering & Technology,BS Electrical Engineering; BS Civil Engineering; BS Mechanical Engineering; BS Computer Science; BS Software Engineering; MS Engineering; PhD Engineering,59.5,664057,13:1,64,True,November 30,ECAT,True,True,https://www.sarhad-science-information.edu.pk
"City University of Science and Information Technology, Peshawar",Peshawar,Khyber Pakhtunkhwa,2001,Private,,General,Engineering & Technology,BS Electrical Engineering; BS Civil Engineering; BS Mechanical Engineering; BS Computer Science; BS Software Engineering; MS Engineering; PhD Engineering,77.7,231332,12:1,65,True,January 15,ECAT,True,True,https://www.city-science-information.edu.pk
Hazara University,Mansehra,Khyber Pakhtunkhwa,2001,Public,Battagram,General,General / Multi-disciplinary,BS Computer Science; BS Physics; BS Chemistry; BS Mathematics; MBA; LLB; BS English; MS various,67.1,247542,27:1,66,True,August 15,HAT,True,True,https://www.hazara.edu.pk
Gandhara University,Peshawar,Khyber Pakhtunkhwa,2002,Private,,General,General / Multi-disciplinary,BS Computer Science; BBA; MBA; BS Software Engineering; BS Psychology; LLB; BS Mass Communication,66.6,292065,25:1,67,True,October 15,NTS,True,False,https://www.ghara.edu.pk
"Northern University, Nowshera",Nowshera,Khyber Pakhtunkhwa,2002,Private,,General,General / Multi-disciplinary,BS Computer Science; BBA; MBA; BS Software Engineering; BS Psychology; LLB; BS Mass Communication,52.1,384693,16:1,68,True,November 30,University Own Test,True,True,https://www.northern-nowshera.edu.pk
Institute of Management Sciences Peshawar,Peshawar,Khyber Pakhtunkhwa,2002,Public,,General,Business & Management,BBA; MBA; BS Commerce; BS Accounting & Finance; MS Management; BS Marketing; ACCA,66.7,255353,35:1,69,True,August 15,NTS,True,True,https://www.institute-management-sciences.edu.pk
University of Science and Technology Bannu,Bannu,Khyber Pakhtunkhwa,2005,Public,,General,Engineering & Technology,BS Electrical Engineering; BS Civil Engineering; BS Mechanical Engineering; BS Computer Science; BS Software Engineering; MS Engineering; PhD Engineering,46.9,65331,21:1,70,True,August 31,ECAT,True,True,https://www.science-technology-bannu.edu.pk
Shaheed Benazir Bhutto Women University,Peshawar,Khyber Pakhtunkhwa,2005,Public,,General,General / Multi-disciplinary,BS Computer Science; BS Physics; BS Chemistry; BS Mathematics; MBA; LLB; BS English; MS various,39.7,203138,35:1,71,True,August 15,NTS,True,True,https://www.shaheed-benazir-bhutto.edu.pk
Khyber Medical University,Peshawar,Khyber Pakhtunkhwa,2007,Public,"Abbottabad,Bannu,Dera Ismail Khan,Saidu Sharif",General,Medical & Health Sciences,MBBS; BDS; Pharm-D; BS Nursing; BS Physiotherapy; MD; MS Pathology; MPH,66.8,71000,25:1,72,True,July 31,MDCAT,True,True,https://www.khyber-medical.edu.pk
Abasyn University,Peshawar,Khyber Pakhtunkhwa,2007,Private,Islamabad,General,General / Multi-disciplinary,BS Computer Science; BBA; MBA; BS Software Engineering; BS Psychology; LLB; BS Mass Communication,69.9,534005,25:1,73,True,August 31,University Own Test,True,False,https://www.abasyn.edu.pk
Abdul Wali Khan University Mardan,Mardan,Khyber Pakhtunkhwa,2009,Public,"Chitral,Pabbi",General,General / Multi-disciplinary,BS Computer Science; BS Physics; BS Chemistry; BS Mathematics; MBA; LLB; BS English; MS various,64.7,114543,21:1,74,True,July 31,HAT,True,True,https://www.abdul-wali-khan.edu.pk
"Shaheed Benazir Bhutto University, Sheringal",Upper Dir,Khyber Pakhtunkhwa,2009,Public,Chitral,General,General / Multi-disciplinary,BS Computer Science; BS Physics; BS Chemistry; BS Mathematics; MBA; LLB; BS English; MS various,57.7,198170,30:1,75,True,August 31,NTS,True,True,https://www.shaheed-benazir-bhutto.edu.pk
University of Swat,Swat,Khyber Pakhtunkhwa,2009,Public,,General,General / Multi-disciplinary,BS Computer Science; BS Physics; BS Chemistry; BS Mathematics; MBA; LLB; BS English; MS various,58.1,132361,27:1,76,True,August 31,HAT,True,True,https://www.swat.edu.pk
Bacha Khan University,Charsadda,Khyber Pakhtunkhwa,2012,Public,,General,General / Multi-disciplinary,BS Computer Science; BS Physics; BS Chemistry; BS Mathematics; MBA; LLB; BS English; MS various,41.9,219214,29:1,77,True,September 15,HAT,True,True,https://www.bacha-khan.edu.pk
University of Haripur,Haripur,Khyber Pakhtunkhwa,2012,Public,,General,General / Multi-disciplinary,BS Computer Science; BS Physics; BS Chemistry; BS Mathematics; MBA; LLB; BS English; MS various,65.9,69016,20:1,78,True,September 15,University Own Test,True,True,https://www.haripur.edu.pk
IQRA National University,Peshawar,Khyber Pakhtunkhwa,2012,Private,Swat,General,General / Multi-disciplinary,BS Computer Science; BBA; MBA; BS Software Engineering; BS Psychology; LLB; BS Mass Communication,82.0,604837,13:1,79,True,January 15,NTS,False,True,https://www.iqra-national.edu.pk
Khushal Khan Khattak University,Karak,Khyber Pakhtunkhwa,2012,Public,,General,General / Multi-disciplinary,BS Computer Science; BS Physics; BS Chemistry; BS Mathematics; MBA; LLB; BS English; MS various,42.0,141490,22:1,80,True,August 15,HAT,True,True,https://www.khushal-khan-khattak.edu.pk
University of Swabi,Swabi,Khyber Pakhtunkhwa,2012,Public,,General,General / Multi-disciplinary,BS Computer Science; BS Physics; BS Chemistry; BS Mathematics; MBA; LLB; BS English; MS various,46.5,164867,29:1,81,True,July 31,University Own Test,True,True,https://www.swabi.edu.pk
University of Buner,Buner,Khyber Pakhtunkhwa,2012,Public,,General,General / Multi-disciplinary,BS Computer Science; BS Physics; BS Chemistry; BS Mathematics; MBA; LLB; BS English; MS various,62.5,128480,23:1,82,True,August 15,HAT,True,True,https://www.buner.edu.pk
Abbottabad University of Science and Technology,Abbottabad,Khyber Pakhtunkhwa,2015,Public,,General,Engineering & Technology,BS Electrical Engineering; BS Civil Engineering; BS Mechanical Engineering; BS Computer Science; BS Software Engineering; MS Engineering; PhD Engineering,41.5,78058,24:1,83,True,August 31,ECAT,True,True,https://www.abbottabad-science-technology.edu.pk
Women University Mardan,Mardan,Khyber Pakhtunkhwa,2016,Public,,General,General / Multi-disciplinary,BS Computer Science; BS Physics; BS Chemistry; BS Mathematics; MBA; LLB; BS English; MS various,46.5,105215,30:1,84,True,August 15,University Own Test,True,True,https://www.women-mardan.edu.pk
Women University Swabi,Swabi,Khyber Pakhtunkhwa,2016,Public,,General,General / Multi-disciplinary,BS Computer Science; BS Physics; BS Chemistry; BS Mathematics; MBA; LLB; BS English; MS various,57.0,119201,35:1,85,True,August 31,NTS,True,True,https://www.women-swabi.edu.pk
"University of Technology, Nowshera",Nowshera,Khyber Pakhtunkhwa,2016,Public,,Engineering and Technology,Engineering & Technology,BS Electrical Engineering; BS Civil Engineering; BS Mechanical Engineering; BS Computer Science; BS Software Engineering; MS Engineering; PhD Engineering,40.8,161037,28:1,86,True,July 31,ECAT,True,True,https://www.technology-nowshera.edu.pk
FATA University,Akhorwal,Khyber Pakhtunkhwa,2016,Public,,General,General / Multi-disciplinary,BS Computer Science; BS Physics; BS Chemistry; BS Mathematics; MBA; LLB; BS English; MS various,38.1,252144,24:1,87,True,August 31,NTS,True,True,https://www.fata.edu.pk
University of Chitral,Chitral,Khyber Pakhtunkhwa,2017,Public,,General,General / Multi-disciplinary,BS Computer Science; BS Physics; BS Chemistry; BS Mathematics; MBA; LLB; BS English; MS various,60.2,194619,33:1,88,True,July 31,NTS,True,True,https://www.chitral.edu.pk
"University of Engineering and Technology, Mardan",Mardan,Khyber Pakhtunkhwa,2017,Public,,Engineering and Technology,Engineering & Technology,BS Electrical Engineering; BS Civil Engineering; BS Mechanical Engineering; BS Computer Science; BS Software Engineering; MS Engineering; PhD Engineering,40.3,231146,24:1,89,True,July 31,ECAT,True,True,https://www.engineering-technology-mardan.edu.pk
"University of Agriculture, Dera Ismail Khan",Dera Ismail Khan,Khyber Pakhtunkhwa,2017,Public,,General,Agriculture & Veterinary Sciences,BS Agriculture; BS Horticulture; DVM; BS Food Science; MS Agricultural Sciences; BS Forestry,63.0,202701,24:1,90,True,September 15,NTS,True,True,https://www.agriculture-dera-ismail.edu.pk
University of Lakki Marwat,Lakki Marwat,Khyber Pakhtunkhwa,2017,Public,,General,General / Multi-disciplinary,BS Computer Science; BS Physics; BS Chemistry; BS Mathematics; MBA; LLB; BS English; MS various,39.3,145591,21:1,91,True,August 31,NTS,True,True,https://www.lakki-marwat.edu.pk
Pak-Austria Fachhochschule: Institute of Applied Sciences and Technology,Haripur,Khyber Pakhtunkhwa,2020,Public,,General,Engineering & Technology,BS Electrical Engineering; BS Civil Engineering; BS Mechanical Engineering; BS Computer Science; BS Software Engineering; MS Engineering; PhD Engineering,58.5,224832,23:1,92,True,August 31,ECAT,True,True,https://www.pak-austria-fachhochschule-institute.edu.pk
University of Dir,Timergara,Khyber Pakhtunkhwa,2021,Public,,General,General / Multi-disciplinary,BS Computer Science; BS Physics; BS Chemistry; BS Mathematics; MBA; LLB; BS English; MS various,61.4,279300,33:1,93,True,August 15,NTS,True,True,https://www.dir.edu.pk
King Edward Medical University,Lahore,Punjab,1860,Public,,General,Medical & Health Sciences,MBBS; BDS; Pharm-D; BS Nursing; BS Physiotherapy; MD; MS Pathology; MPH,16.6,259685,25:1,11,True,September 15,MDCAT,True,True,https://www.kemu.edu.pk
"University of Engineering and Technology, Lahore",Lahore,Punjab,1921,Public,"Faisalabad,Sheikhupura,Gujranwala,Narowal",General,Engineering & Technology,BS Electrical Engineering; BS Civil Engineering; BS Mechanical Engineering; BS Computer Science; BS Software Engineering; MS Engineering; PhD Engineering,38.7,243085,30:1,7,True,September 15,ECAT,True,True,https://www.uet.edu.pk
Forman Christian College,Lahore,Punjab,1864,Private,,General,General / Multi-disciplinary,BS Computer Science; BBA; MBA; BS Software Engineering; BS Psychology; LLB; BS Mass Communication,76.1,633018,23:1,96,True,August 31,University Own Test,True,False,https://www.forman-christian-college.edu.pk
National College of Arts,Lahore,Punjab,1875,Public,Rawalpindi,General,"Arts, Design & Architecture",BFA; BS Graphic Design; BS Architecture; BS Interior Design; MA Visual Arts; MFA,59.0,150281,21:1,97,True,September 15,NTS,True,True,https://www.national-college-arts.edu.pk
University of Veterinary and Animal Sciences,Lahore,Punjab,1882,Public,"Jhang,Pattoki,Narowal,Layyah",General,Agriculture & Veterinary Sciences,BS Agriculture; BS Horticulture; DVM; BS Food Science; MS Agricultural Sciences; BS Forestry,44.0,170665,31:1,98,True,August 31,NTS,True,True,https://www.veterinary-animal-sciences.edu.pk
University of the Punjab,Lahore,Punjab,1882,Public,"Gujranwala,Jhelum,Khanspur",General,General / Multi-disciplinary,BS Computer Science; BS Physics; BS Chemistry; BS Mathematics; MBA; LLB; BS English; MS various,44.7,223023,26:1,2,True,September 15,HAT,True,True,https://www.pu.edu.pk
Punjab Tianjin University of Technology,Lahore,Punjab,2018,Public,,Engineering and Technology,Engineering & Technology,BS Electrical Engineering; BS Civil Engineering; BS Mechanical Engineering; BS Computer Science; BS Software Engineering; MS Engineering; PhD Engineering,46.4,68198,28:1,100,True,August 31,ECAT,True,True,https://www.punjab-tianjin-technology.edu.pk
"University of Agriculture, Faisalabad",Faisalabad,Punjab,1906,Public,"Burewala,Toba Tek Singh,Depalpur",General,Agriculture & Veterinary Sciences,BS Agriculture; BS Horticulture; DVM; BS Food Science; MS Agricultural Sciences; BS Forestry,57.2,154773,30:1,10,True,July 31,NTS,True,True,https://www.agriculture-faisalabad.edu.pk
Namal Institute,Mianwali,Punjab,2008,Private,,Engineering and Technology,Engineering & Technology,BS Electrical Engineering; BS Civil Engineering; BS Mechanical Engineering; BS Computer Science; BS Software Engineering; MS Engineering; PhD Engineering,78.3,316951,14:1,102,True,February 28,University Own Test,True,False,https://www.namal-institute.edu.pk
Kinnaird College for Women University,Lahore,Punjab,1913,Public,,General,General / Multi-disciplinary,BS Computer Science; BS Physics; BS Chemistry; BS Mathematics; MBA; LLB; BS English; MS various,55.9,140619,30:1,103,True,September 15,University Own Test,True,True,https://www.kinnaird-college-for.edu.pk
"Government College University, Lahore",Lahore,Punjab,1864,Public,,General,General / Multi-disciplinary,BS Computer Science; BS Physics; BS Chemistry; BS Mathematics; MBA; LLB; BS English; MS various,67.5,80315,32:1,104,True,August 15,HAT,True,True,https://www.government-college-lahore.edu.pk
Lahore College for Women University,Lahore,Punjab,1922,Public,Jhang,General,General / Multi-disciplinary,BS Computer Science; BS Physics; BS Chemistry; BS Mathematics; MBA; LLB; BS English; MS various,39.3,164309,20:1,105,True,August 15,HAT,True,True,https://www.lahore-college-for.edu.pk
"Government College University, Faisalabad",Faisalabad,Punjab,1897,Public,"Layyah,Sahiwal,Chiniot",General,General / Multi-disciplinary,BS Computer Science; BS Physics; BS Chemistry; BS Mathematics; MBA; LLB; BS English; MS various,50.9,224125,30:1,106,True,August 31,University Own Test,True,True,https://www.government-college-faisalabad.edu.pk
Fatima Jinnah Medical University,Lahore,Punjab,1948,Public,,Medical,Medical & Health Sciences,MBBS; BDS; Pharm-D; BS Nursing; BS Physiotherapy; MD; MS Pathology; MPH,25.6,158727,29:1,107,True,September 15,MDCAT,True,True,https://www.fatima-jinnah-medical.edu.pk
National Textile University,Faisalabad,Punjab,1959,Public,Karachi,General,General / Multi-disciplinary,BS Computer Science; BS Physics; BS Chemistry; BS Mathematics; MBA; LLB; BS English; MS various,50.3,155486,29:1,108,True,August 15,NTS,True,True,https://www.national-textile.edu.pk
Pir Mehr Ali Shah Arid Agriculture University,Rawalpindi,Punjab,1970,Public,,General,Agriculture & Veterinary Sciences,BS Agriculture; BS Horticulture; DVM; BS Food Science; MS Agricultural Sciences; BS Forestry,50.6,149390,25:1,109,True,August 31,HAT,True,True,https://www.pir-mehr-ali.edu.pk
Bahauddin Zakariya University,Multan,Punjab,1975,Public,"Layyah,Vehari",General,General / Multi-disciplinary,BS Computer Science; BS Physics; BS Chemistry; BS Mathematics; MBA; LLB; BS English; MS various,54.4,50106,29:1,110,True,August 31,NTS,True,True,https://www.bahauddin-zakariya.edu.pk
The Islamia University of Bahawalpur,Bahawalpur,Punjab,1975,Public,"Bahawalnagar,Rahim Yar Khan",General,General / Multi-disciplinary,BS Computer Science; BS Physics; BS Chemistry; BS Mathematics; MBA; LLB; BS English; MS various,50.9,202039,30:1,111,True,September 15,HAT,True,True,https://www.the-islamia-bahawalpur.edu.pk
"University of Engineering and Technology, Taxila",Taxila,Punjab,1975,Public,,General,Engineering & Technology,BS Electrical Engineering; BS Civil Engineering; BS Mechanical Engineering; BS Computer Science; BS Software Engineering; MS Engineering; PhD Engineering,51.3,106020,35:1,112,True,August 15,ECAT,True,True,https://www.engineering-technology-taxila.edu.pk
Lahore University of Management Sciences,Lahore,Punjab,1984,Private,,General,Business & Management,BBA; MBA; BS Commerce; BS Accounting & Finance; MS Management; BS Marketing; ACCA,31.2,328785,20:1,4,True,February 28,University Own Test,True,False,https://www.lums.edu.pk
NFC Institute of Engineering and Technology,Multan,Punjab,1985,Public,,General,Engineering & Technology,BS Electrical Engineering; BS Civil Engineering; BS Mechanical Engineering; BS Computer Science; BS Software Engineering; MS Engineering; PhD Engineering,66.6,111569,29:1,114,True,August 15,ECAT,True,True,https://www.nfc-institute-engineering.edu.pk
"Institute of Management Sciences, Lahore",Lahore,Punjab,1987,Private,,General,Business & Management,BBA; MBA; BS Commerce; BS Accounting & Finance; MS Management; BS Marketing; ACCA,76.2,257255,12:1,115,True,July 15,NTS,True,True,https://www.institute-management-sciences.edu.pk
"University of Management and Technology, Lahore",Lahore,Punjab,1990,Private,Sialkot,General,Engineering & Technology,BS Electrical Engineering; BS Civil Engineering; BS Mechanical Engineering; BS Computer Science; BS Software Engineering; MS Engineering; PhD Engineering,70.3,582909,13:1,116,True,November 30,ECAT,True,True,https://www.management-technology-lahore.edu.pk
National College of Business Administration and Economics,Lahore,Punjab,1994,Private,"Multan,Bahawalpur,Rahim Yar Khan",General,Business & Management,BBA; MBA; BS Commerce; BS Accounting & Finance; MS Management; BS Marketing; ACCA,70.9,281940,23:1,117,True,October 15,University Own Test,True,True,https://www.national-college-business.edu.pk
University of Central Punjab,Lahore,Punjab,2002,Private,,General,General / Multi-disciplinary,BS Computer Science; BBA; MBA; BS Software Engineering; BS Psychology; LLB; BS Mass Communication,56.4,540512,12:1,118,True,July 31,University Own Test,True,False,https://www.central-punjab.edu.pk
Fatima Jinnah Women University,Rawalpindi,Punjab,1998,Public,,General,General / Multi-disciplinary,BS Computer Science; BS Physics; BS Chemistry; BS Mathematics; MBA; LLB; BS English; MS various,62.1,232429,34:1,119,True,July 31,University Own Test,True,True,https://www.fatima-jinnah-women.edu.pk
University of Sargodha,Sargodha,Punjab,2002,Public,Bhakkar,General,General / Multi-disciplinary,BS Computer Science; BS Physics; BS Chemistry; BS Mathematics; MBA; LLB; BS English; MS various,45.5,272386,23:1,120,True,September 15,NTS,True,True,https://www.sargodha.edu.pk
"University of Health Sciences, Lahore",Lahore,Punjab,2002,Public,,General,Medical & Health Sciences,MBBS; BDS; Pharm-D; BS Nursing; BS Physiotherapy; MD; MS Pathology; MPH,62.0,225001,30:1,121,True,September 15,University Own Test,True,True,https://www.health-sciences-lahore.edu.pk
University of Education,Lahore,Punjab,2002,Public,"Attock,Dera Ghazi Khan,Faisalabad,Jauharabad,Multan,Vehari",General,Education & Teacher Training,BEd; MEd; BS Education; MPhil Education; PhD Education,62.5,182324,33:1,122,True,September 15,NTS,True,True,https://www.education.edu.pk
GIFT University,Gujranwala,Punjab,2002,Private,,General,General / Multi-disciplinary,BS Computer Science; BBA; MBA; BS Software Engineering; BS Psychology; LLB; BS Mass Communication,74.3,997732,19:1,123,True,September 15,NTS,True,True,https://www.gift.edu.pk
Hajvery University,Lahore,Punjab,2002,Private,Sheikhupura,General,General / Multi-disciplinary,BS Computer Science; BBA; MBA; BS Software Engineering; BS Psychology; LLB; BS Mass Communication,60.3,587725,20:1,124,True,November 30,SAT (optional),True,False,https://www.hajvery.edu.pk
Faisalabad Medical University,Faisalabad,Punjab,1973,Public,,General,Medical & Health Sciences,MBBS; BDS; Pharm-D; BS Nursing; BS Physiotherapy; MD; MS Pathology; MPH,51.2,237051,29:1,125,True,August 15,MDCAT,True,True,https://www.faisalabad-medical.edu.pk
University of Faisalabad,Faisalabad,Punjab,2002,Private,,General,General / Multi-disciplinary,BS Computer Science; BBA; MBA; BS Software Engineering; BS Psychology; LLB; BS Mass Communication,60.2,347619,20:1,126,True,July 31,NTS,True,False,https://www.faisalabad.edu.pk
University of Lahore,Lahore,Punjab,1999,Private,"Gujrat,Sargodha,Pakpattan",General,General / Multi-disciplinary,BS Computer Science; BBA; MBA; BS Software Engineering; BS Psychology; LLB; BS Mass Communication,63.5,260113,23:1,127,True,August 31,NTS,True,True,https://www.lahore.edu.pk
Beaconhouse National University,Lahore,Punjab,2003,Private,,General,General / Multi-disciplinary,BS Computer Science; BBA; MBA; BS Software Engineering; BS Psychology; LLB; BS Mass Communication,61.9,988557,18:1,128,True,July 15,NTS,True,True,https://www.beaconhouse-national.edu.pk
University of South Asia,Lahore,Punjab,2003,Private,,General,General / Multi-disciplinary,BS Computer Science; BBA; MBA; BS Software Engineering; BS Psychology; LLB; BS Mass Communication,63.7,583594,21:1,129,True,July 15,SAT (optional),True,True,https://www.south-asia.edu.pk
University of Gujrat,Gujrat,Punjab,2004,Public,"Lahore,Rawalpindi,Narowal,Mandi Bahauddin",General,General / Multi-disciplinary,BS Computer Science; BS Physics; BS Chemistry; BS Mathematics; MBA; LLB; BS English; MS various,38.2,142211,29:1,130,True,September 15,HAT,True,True,https://www.gujrat.edu.pk
Superior University,Lahore,Punjab,2004,Private,,General,General / Multi-disciplinary,BS Computer Science; BBA; MBA; BS Software Engineering; BS Psychology; LLB; BS Mass Communication,68.1,565159,20:1,131,True,February 28,NTS,True,True,https://www.superior.edu.pk
"Minhaj University, Lahore",Lahore,Punjab,2005,Private,,General,General / Multi-disciplinary,BS Computer Science; BBA; MBA; BS Software Engineering; BS Psychology; LLB; BS Mass Communication,60.2,434616,12:1,132,True,October 15,University Own Test,True,True,https://www.minhaj-lahore.edu.pk
HITEC University,Taxila,Punjab,2007,Private,,General,General / Multi-disciplinary,BS Computer Science; BBA; MBA; BS Software Engineering; BS Psychology; LLB; BS Mass Communication,75.9,559679,14:1,133,True,November 30,NTS,True,True,https://www.hitec.edu.pk
University of Wah,Wah,Punjab,2009,Private,,General,General / Multi-disciplinary,BS Computer Science; BBA; MBA; BS Software Engineering; BS Psychology; LLB; BS Mass Communication,68.0,655491,18:1,134,True,February 28,SAT (optional),True,True,https://www.wah.edu.pk
Pakistan Institute of Fashion and Design,Lahore,Punjab,1994,Public,,General,"Arts, Design & Architecture",BFA; BS Graphic Design; BS Architecture; BS Interior Design; MA Visual Arts; MFA,40.5,162358,24:1,135,True,September 15,NTS,True,True,https://www.pakistan-institute-fashion.edu.pk
Women University Multan,Multan,Punjab,2010,Public,,General,General / Multi-disciplinary,BS Computer Science; BS Physics; BS Chemistry; BS Mathematics; MBA; LLB; BS English; MS various,39.5,149379,30:1,136,True,August 15,HAT,True,True,https://www.women-multan.edu.pk
Institute of Southern Punjab,Multan,Punjab,2010,Private,,General,General / Multi-disciplinary,BS Computer Science; BBA; MBA; BS Software Engineering; BS Psychology; LLB; BS Mass Communication,61.8,579103,18:1,137,True,September 15,University Own Test,False,True,https://www.institute-southern-punjab.edu.pk
Qarshi University,Lahore,Punjab,2011,Private,,General,General / Multi-disciplinary,BS Computer Science; BBA; MBA; BS Software Engineering; BS Psychology; LLB; BS Mass Communication,54.5,190162,23:1,138,True,January 15,NTS,False,True,https://www.qarshi.edu.pk
"Government College Women University, Sialkot",Sialkot,Punjab,2012,Public,,General,General / Multi-disciplinary,BS Computer Science; BS Physics; BS Chemistry; BS Mathematics; MBA; LLB; BS English; MS various,48.5,220431,22:1,139,True,July 31,NTS,True,True,https://www.government-college-women.edu.pk
Government Sadiq College Women University,Bahawalpur,Punjab,2012,Public,,General,General / Multi-disciplinary,BS Computer Science; BS Physics; BS Chemistry; BS Mathematics; MBA; LLB; BS English; MS various,66.5,102261,20:1,140,True,August 15,NTS,True,True,https://www.government-sadiq-college.edu.pk
Ghazi University,Dera Ghazi Khan,Punjab,2012,Public,,General,General / Multi-disciplinary,BS Computer Science; BS Physics; BS Chemistry; BS Mathematics; MBA; LLB; BS English; MS various,41.8,225494,23:1,141,True,August 15,HAT,True,True,https://www.ghazi.edu.pk
"Government College Women University, Faisalabad",Faisalabad,Punjab,2012,Public,,General,General / Multi-disciplinary,BS Computer Science; BS Physics; BS Chemistry; BS Mathematics; MBA; LLB; BS English; MS various,59.0,251037,31:1,142,True,August 15,University Own Test,True,True,https://www.government-college-women.edu.pk
Information Technology University (Lahore),Lahore,Punjab,2012,Public,,General,Engineering & Technology,BS Electrical Engineering; BS Civil Engineering; BS Mechanical Engineering; BS Computer Science; BS Software Engineering; MS Engineering; PhD Engineering,56.2,246064,23:1,143,True,August 15,University Own Admission Test,True,True,https://www.information-technology-lahore.edu.pk
Muhammad Nawaz Sharif University of Agriculture,Multan,Punjab,2012,Public,,General,Agriculture & Veterinary Sciences,BS Agriculture; BS Horticulture; DVM; BS Food Science; MS Agricultural Sciences; BS Forestry,66.9,78337,20:1,144,True,August 31,University Own Test,True,True,https://www.muhammad-nawaz-sharif.edu.pk
Muhammad Nawaz Sharif University of Engineering and Technology,Multan,Punjab,2012,Public,,General,Engineering & Technology,BS Electrical Engineering; BS Civil Engineering; BS Mechanical Engineering; BS Computer Science; BS Software Engineering; MS Engineering; PhD Engineering,58.3,148384,32:1,145,True,August 15,ECAT,True,True,https://www.muhammad-nawaz-sharif.edu.pk
Virtual University of Pakistan,Lahore,Punjab,2002,Public,Across the entirePakistan,General,Distance & Open Learning,BA; B.Com; BS Education; MBA; MA; MEd; MPhil (Distance Learning),40.3,56106,27:1,146,True,July 31,University Own Test,True,True,https://www.virtual-pakistan.edu.pk
Lahore Garrison University,Lahore,Punjab,2012,Private,,General,General / Multi-disciplinary,BS Computer Science; BBA; MBA; BS Software Engineering; BS Psychology; LLB; BS Mass Communication,75.2,625798,22:1,147,True,February 28,NTS,False,True,https://www.lahore-garrison.edu.pk
Cholistan University of Veterinary and Animal Sciences,Bahawalpur,Punjab,2014,Public,,Agriculture and Veterinary,Agriculture & Veterinary Sciences,BS Agriculture; BS Horticulture; DVM; BS Food Science; MS Agricultural Sciences; BS Forestry,55.0,60766,31:1,148,True,September 15,University Own Test,True,True,https://www.cholistan-veterinary-animal.edu.pk
Khawaja Fareed University of Engineering and Information Technology,Rahim Yar Khan,Punjab,2014,Public,,General,Engineering & Technology,BS Electrical Engineering; BS Civil Engineering; BS Mechanical Engineering; BS Computer Science; BS Software Engineering; MS Engineering; PhD Engineering,49.1,182634,30:1,149,True,July 31,ECAT,True,True,https://www.khawaja-fareed-engineering.edu.pk
"University of Engineering and Technology, Rasul",Mandi Bahauddin,Punjab,1873,Public,,General,Engineering & Technology,BS Electrical Engineering; BS Civil Engineering; BS Mechanical Engineering; BS Computer Science; BS Software Engineering; MS Engineering; PhD Engineering,63.5,265569,35:1,150,True,July 31,ECAT,True,True,https://www.engineering-technology-rasul.edu.pk
University of Sahiwal,Sahiwal,Punjab,2015,Public,,General,General / Multi-disciplinary,BS Computer Science; BS Physics; BS Chemistry; BS Mathematics; MBA; LLB; BS English; MS various,51.0,144945,34:1,151,True,August 15,HAT,True,True,https://www.sahiwal.edu.pk
University of Okara,Okara,Punjab,2015,Public,,General,General / Multi-disciplinary,BS Computer Science; BS Physics; BS Chemistry; BS Mathematics; MBA; LLB; BS English; MS various,43.3,186772,28:1,152,True,September 15,HAT,True,True,https://www.okara.edu.pk
University of Jhang,Jhang,Punjab,2015,Public,,General,General / Multi-disciplinary,BS Computer Science; BS Physics; BS Chemistry; BS Mathematics; MBA; LLB; BS English; MS various,51.1,241634,28:1,153,True,August 31,NTS,True,True,https://www.jhang.edu.pk
NUR International University,Lahore,Punjab,2015,Private,,General,General / Multi-disciplinary,BS Computer Science; BBA; MBA; BS Software Engineering; BS Psychology; LLB; BS Mass Communication,76.9,225436,16:1,154,True,November 30,NTS,False,True,https://www.nur-international.edu.pk
University of Sialkot,Sialkot,Punjab,2013,Private,,General,General / Multi-disciplinary,BS Computer Science; BBA; MBA; BS Software Engineering; BS Psychology; LLB; BS Mass Communication,69.1,530323,18:1,155,True,September 30,NTS,False,True,https://www.sialkot.edu.pk
Lahore School of Economics,Lahore,Punjab,1997,Public,,Medical,Medical & Health Sciences,MBBS; BDS; Pharm-D; BS Nursing; BS Physiotherapy; MD; MS Pathology; MPH,17.2,207808,26:1,156,True,August 31,MDCAT,True,True,https://www.lahore-school-economics.edu.pk
Rawalpindi Medical University,Rawalpindi,Punjab,1974,Public,,Medical,Medical & Health Sciences,MBBS; BDS; Pharm-D; BS Nursing; BS Physiotherapy; MD; MS Pathology; MPH,24.8,169217,28:1,157,True,September 15,MDCAT,True,True,https://www.rawalpindi-medical.edu.pk
Nishtar Medical University,Multan,Punjab,1951,Public,,Medical,Medical & Health Sciences,MBBS; BDS; Pharm-D; BS Nursing; BS Physiotherapy; MD; MS Pathology; MPH,23.2,152422,20:1,158,True,September 15,MDCAT,True,True,https://www.nishtar-medical.edu.pk
National University of Medical Sciences,Rawalpindi,Punjab,2015,Public,,Medical,Medical & Health Sciences,MBBS; BDS; Pharm-D; BS Nursing; BS Physiotherapy; MD; MS Pathology; MPH,27.2,102442,27:1,159,True,September 15,MDCAT,True,True,https://www.national-medical-sciences.edu.pk
University of Home Economics Lahore,Lahore,Punjab,1955,Public,,General,General / Multi-disciplinary,BS Computer Science; BS Physics; BS Chemistry; BS Mathematics; MBA; LLB; BS English; MS various,50.2,195536,27:1,160,True,September 15,University Own Test,True,True,https://www.home-economics-lahore.edu.pk
Mir Chakar Khan Rind University of Technology,Dera Ghazi Khan,Punjab,2019,Public,,Engineering and Technology,Engineering & Technology,BS Electrical Engineering; BS Civil Engineering; BS Mechanical Engineering; BS Computer Science; BS Software Engineering; MS Engineering; PhD Engineering,59.4,167486,20:1,161,True,July 31,ECAT,True,True,https://www.mir-chakar-khan.edu.pk
Rawalpindi Women University,Rawalpindi,Punjab,1950,Public,,General,General / Multi-disciplinary,BS Computer Science; BS Physics; BS Chemistry; BS Mathematics; MBA; LLB; BS English; MS various,46.8,156011,27:1,162,True,August 31,University Own Test,True,True,https://www.rawalpindi-women.edu.pk
Institute for Art and Culture,Lahore,Punjab,2019,Public,,Arts and Design,"Arts, Design & Architecture",BFA; BS Graphic Design; BS Architecture; BS Interior Design; MA Visual Arts; MFA,55.4,174062,31:1,163,True,September 15,University Own Test,True,True,https://www.institute-for-art.edu.pk
University of Narowal,Narowal,Punjab,2014,Public,,General,General / Multi-disciplinary,BS Computer Science; BS Physics; BS Chemistry; BS Mathematics; MBA; LLB; BS English; MS various,54.5,142225,34:1,164,True,August 31,HAT,True,True,https://www.narowal.edu.pk
Al-Qadir University,Sohawa,Punjab,2021,Public,,Sufism,Islamic & Sufi Studies,BS Computer Science; BS Physics; BS Chemistry; BS Mathematics; MBA; LLB; BS English; MS various,45.5,81629,26:1,165,True,August 31,NTS,True,True,https://www.al-qadir.edu.pk
Baba Guru Nanak University,Nankana Sahib,Punjab,2021,Public,,General,General / Multi-disciplinary,BS Computer Science; BS Physics; BS Chemistry; BS Mathematics; MBA; LLB; BS English; MS various,60.3,249803,25:1,166,True,August 15,NTS,True,True,https://www.baba-guru-nanak.edu.pk
University of Chakwal,Chakwal,Punjab,2020,Public,,General,General / Multi-disciplinary,BS Computer Science; BS Physics; BS Chemistry; BS Mathematics; MBA; LLB; BS English; MS various,60.2,122482,29:1,167,True,July 31,NTS,True,True,https://www.chakwal.edu.pk
University of Mianwali,Mianwali,Punjab,2020,Public,,General,General / Multi-disciplinary,BS Computer Science; BS Physics; BS Chemistry; BS Mathematics; MBA; LLB; BS English; MS various,46.9,144602,25:1,168,True,August 31,NTS,True,True,https://www.mianwali.edu.pk
Thal University,Bhakkar,Punjab,2021,Public,,General,General / Multi-disciplinary,BS Computer Science; BS Physics; BS Chemistry; BS Mathematics; MBA; LLB; BS English; MS various,59.2,83182,28:1,169,True,July 31,NTS,True,True,https://www.thal.edu.pk
Green International University,Lahore,Punjab,2020,Private,,General,General / Multi-disciplinary,BS Computer Science; BBA; MBA; BS Software Engineering; BS Psychology; LLB; BS Mass Communication,68.6,545647,14:1,170,True,November 30,NTS,False,True,https://www.green-international.edu.pk
Kohsar University Murree,Murree,Punjab,2021,Public,,General,General / Multi-disciplinary,BS Computer Science; BS Physics; BS Chemistry; BS Mathematics; MBA; LLB; BS English; MS various,55.2,173049,35:1,171,True,September 15,HAT,True,True,https://www.kohsar-murree.edu.pk
Lahore Institute of Science and Technology,Lahore,Punjab,2022,Private,,General,Engineering & Technology,BS Electrical Engineering; BS Civil Engineering; BS Mechanical Engineering; BS Computer Science; BS Software Engineering; MS Engineering; PhD Engineering,57.5,206936,16:1,172,True,November 30,ECAT,False,False,https://www.lahore-institute-science.edu.pk
Grand Asian University Sialkot,Sialkot,Punjab,2022,Private,,General,General / Multi-disciplinary,BS Computer Science; BBA; MBA; BS Software Engineering; BS Psychology; LLB; BS Mass Communication,54.0,437816,13:1,173,True,February 28,SAT (optional),False,True,https://www.gr-asian-sialkot.edu.pk
Government Viqar-un-Nisa Women University,Rawalpindi,Punjab,2022,Public,,General,General / Multi-disciplinary,BS Computer Science; BS Physics; BS Chemistry; BS Mathematics; MBA; LLB; BS English; MS various,42.6,262636,29:1,174,True,July 31,NTS,True,True,https://www.government-viqar-un-nisa-women.edu.pk
Liaquat University of Medical and Health Sciences,Jamshoro,Sindh,1881,Public,,General,Medical & Health Sciences,MBBS; BDS; Pharm-D; BS Nursing; BS Physiotherapy; MD; MS Pathology; MPH,41.6,250394,33:1,175,True,August 15,MDCAT,True,True,https://www.liaquat-medical-health.edu.pk
Sindh Madressatul Islam University,Karachi,Sindh,1885,Public,,General,General / Multi-disciplinary,BS Computer Science; BS Physics; BS Chemistry; BS Mathematics; MBA; LLB; BS English; MS various,61.3,149713,34:1,176,True,September 15,HAT,True,True,https://www.sindh-madressatul-islam.edu.pk
NED University of Engineering and Technology,Karachi,Sindh,1922,Public,Tharparkar,General,Engineering & Technology,BS Electrical Engineering; BS Civil Engineering; BS Mechanical Engineering; BS Computer Science; BS Software Engineering; MS Engineering; PhD Engineering,63.8,162415,29:1,177,True,July 31,ECAT,True,True,https://www.ned-engineering-technology.edu.pk
Dow University of Health Sciences,Karachi,Sindh,1945,Public,,General,Medical & Health Sciences,MBBS; BDS; Pharm-D; BS Nursing; BS Physiotherapy; MD; MS Pathology; MPH,14.1,244009,23:1,178,True,August 15,University Own Test,True,True,https://www.dow-health-sciences.edu.pk
University of Sindh,Jamshoro,Sindh,1947,Public,"Hyderabad,Larkana,Badin,Dadu,Mirpur Khas,Naushahro Feroze,Thatta,Bhit Shah,",General,General / Multi-disciplinary,BS Computer Science; BS Physics; BS Chemistry; BS Mathematics; MBA; LLB; BS English; MS various,44.3,223127,22:1,179,True,August 15,NTS,True,True,https://www.sindh.edu.pk
University of Karachi,Karachi,Sindh,1951,Public,,General,General / Multi-disciplinary,BS Computer Science; BS Physics; BS Chemistry; BS Mathematics; MBA; LLB; BS English; MS various,43.2,69677,25:1,6,True,July 31,HAT,True,True,https://www.uok.edu.pk
"Institute of Business Administration, Karachi",Karachi,Sindh,1955,Public,,General,Business & Management,BBA; MBA; BS Commerce; BS Accounting & Finance; MS Management; BS Marketing; ACCA,51.5,205664,35:1,181,True,August 31,NTS,True,True,https://www.institute-business-administration.edu.pk
Dawood University of Engineering and Technology,Karachi,Sindh,1962,Public,,General,Engineering & Technology,BS Electrical Engineering; BS Civil Engineering; BS Mechanical Engineering; BS Computer Science; BS Software Engineering; MS Engineering; PhD Engineering,44.9,235324,29:1,182,True,September 15,ECAT,True,True,https://www.dawood-engineering-technology.edu.pk
Mehran University of Engineering and Technology,Jamshoro,Sindh,1963,Public,"Khairpur,Sujawal,Jacobabad,",General,Engineering & Technology,BS Electrical Engineering; BS Civil Engineering; BS Mechanical Engineering; BS Computer Science; BS Software Engineering; MS Engineering; PhD Engineering,40.1,111190,28:1,183,True,August 15,ECAT,True,True,https://www.mehran-engineering-technology.edu.pk
Pakistan Naval Academy,Karachi,Sindh,1970,Military,,General,Defence & Strategic Studies,BS Defence Studies; BS Strategic Studies; MBA; MS War Studies; BS Computer Science,8.8,131376,11:1,184,True,August 15,ISSB / PAF Selection Test,True,True,https://www.pakistan-naval-academy.edu.pk
Shah Abdul Latif University,Khairpur,Sindh,1974,Public,"Ghotki,Shikarpur,Shahdadkot",General,General / Multi-disciplinary,BS Computer Science; BS Physics; BS Chemistry; BS Mathematics; MBA; LLB; BS English; MS various,65.3,266696,24:1,185,True,July 31,NTS,True,True,https://www.shah-abdul-latif.edu.pk
"Quaid-e-Awam University of Engineering, Science and Technology",Benazirabad,Sindh,1974,Public,Larkana,General,Engineering & Technology,BS Electrical Engineering; BS Civil Engineering; BS Mechanical Engineering; BS Computer Science; BS Software Engineering; MS Engineering; PhD Engineering,43.0,130638,29:1,186,True,September 15,ECAT,True,True,https://www.quaid-e-awam-engineering-science.edu.pk
Sindh Agriculture University,Tandojam,Sindh,1977,Public,"Dokri,Khairpur,Umerkot",General,Agriculture & Veterinary Sciences,BS Agriculture; BS Horticulture; DVM; BS Food Science; MS Agricultural Sciences; BS Forestry,41.7,230532,29:1,187,True,September 15,HAT,True,True,https://www.sindh-agriculture.edu.pk
Indus Valley School of Art and Architecture,Karachi,Sindh,1989,Private,,General,Defence & Strategic Studies,BS Defence Studies; BS Strategic Studies; MBA; MS War Studies; BS Computer Science,9.5,438890,19:1,188,True,July 31,SAT (optional),True,False,https://www.indus-valley-school.edu.pk
Baqai Medical University,Karachi,Sindh,1989,Private,,General,Medical & Health Sciences,MBBS; BDS; Pharm-D; BS Nursing; BS Physiotherapy; MD; MS Pathology; MPH,65.0,348989,21:1,189,True,September 15,MDCAT,True,False,https://www.baqai-medical.edu.pk
Hamdard University,Karachi,Sindh,1991,Private,Islamabad,General,General / Multi-disciplinary,BS Computer Science; BBA; MBA; BS Software Engineering; BS Psychology; LLB; BS Mass Communication,58.9,533526,25:1,190,True,February 28,SAT (optional),True,True,https://www.hamdard.edu.pk
Commecs institute of business and emerging sciences,Karachi,Sindh,1993,Private,,General,Business & Management,BBA; MBA; BS Commerce; BS Accounting & Finance; MS Management; BS Marketing; ACCA,82.0,532469,25:1,191,True,September 15,SAT (optional),True,False,https://www.commecs-institute-business.edu.pk
Sir Syed University of Engineering and Technology,Karachi,Sindh,1993,Private,,General,Engineering & Technology,BS Electrical Engineering; BS Civil Engineering; BS Mechanical Engineering; BS Computer Science; BS Software Engineering; MS Engineering; PhD Engineering,74.7,426677,20:1,192,True,November 30,ECAT,True,True,https://www.sir-syed-engineering.edu.pk
Sukkur Institute of Business Administration (IBA) University,Sukkur,Sindh,1994,Public,"Hyderabad,Larkana,Mirpurkhas",General,Business & Management,BBA; MBA; BS Commerce; BS Accounting & Finance; MS Management; BS Marketing; ACCA,43.4,203440,33:1,193,True,September 15,IBA Entry Test,True,True,https://www.sukkur-institute-business.edu.pk
Textile Institute of Pakistan,Karachi,Sindh,1994,Private,,General,General / Multi-disciplinary,BS Computer Science; BBA; MBA; BS Software Engineering; BS Psychology; LLB; BS Mass Communication,81.1,426420,17:1,194,True,October 15,University Own Test,True,True,https://www.textile-institute-pakistan.edu.pk
Institute of Business Management,Karachi,Sindh,1995,Private,,General,Business & Management,BBA; MBA; BS Commerce; BS Accounting & Finance; MS Management; BS Marketing; ACCA,55.1,264318,17:1,195,True,October 15,SAT (optional),True,True,https://www.institute-business-management.edu.pk
Shaheed Zulfiqar Ali Bhutto Institute of Science and Technology,Karachi,Sindh,1995,Private,"Hyderabad,Islamabad,Larkana,United Arab Emirates",General,Engineering & Technology,BS Electrical Engineering; BS Civil Engineering; BS Mechanical Engineering; BS Computer Science; BS Software Engineering; MS Engineering; PhD Engineering,71.9,389952,25:1,196,True,January 15,ECAT,True,False,https://www.shaheed-zulfiqar-ali.edu.pk
Isra University,Hyderabad,Sindh,1997,Private,"Islamabad,Karachi",General,General / Multi-disciplinary,BS Computer Science; BBA; MBA; BS Software Engineering; BS Psychology; LLB; BS Mass Communication,54.6,312329,17:1,197,True,July 31,University Own Test,True,True,https://www.isra.edu.pk
Karachi Institute of Economics and Technology,Karachi,Sindh,1997,Private,,General,Engineering & Technology,BS Electrical Engineering; BS Civil Engineering; BS Mechanical Engineering; BS Computer Science; BS Software Engineering; MS Engineering; PhD Engineering,76.7,180603,22:1,198,True,January 15,ECAT,True,True,https://www.karachi-institute-economics.edu.pk
"Greenwich University, Karachi",Karachi,Sindh,1987,Private,Mauritius,General,General / Multi-disciplinary,BS Computer Science; BBA; MBA; BS Software Engineering; BS Psychology; LLB; BS Mass Communication,53.6,451811,17:1,199,True,February 28,University Own Test,True,True,https://www.greenwich-karachi.edu.pk
Jinnah University for Women,Karachi,Sindh,1998,Private,,General,General / Multi-disciplinary,BS Computer Science; BBA; MBA; BS Software Engineering; BS Psychology; LLB; BS Mass Communication,74.8,286723,16:1,200,True,January 15,NTS,True,True,https://www.jinnah-for-women.edu.pk
Iqra University,Karachi,Sindh,1998,Private,"Islamabad,Quetta",General,General / Multi-disciplinary,BS Computer Science; BBA; MBA; BS Software Engineering; BS Psychology; LLB; BS Mass Communication,65.1,1008257,13:1,201,True,July 15,SAT (optional),True,True,https://www.iqra.edu.pk
Dadabhoy Institute of Higher Education,Karachi,Sindh,2000,Private,,General,Education & Teacher Training,BEd; MEd; BS Education; MPhil Education; PhD Education,59.2,263035,16:1,202,True,January 15,NTS,True,True,https://www.dadabhoy-institute-higher.edu.pk
Ilma University,Karachi,Sindh,2001,Private,,General,General / Multi-disciplinary,BS Computer Science; BBA; MBA; BS Software Engineering; BS Psychology; LLB; BS Mass Communication,54.8,621138,13:1,203,True,November 30,NTS,True,True,https://www.ilma.edu.pk
Preston Institute of Management Sciences and Technology,Karachi,Sindh,2001,Private,,General,Engineering & Technology,BS Electrical Engineering; BS Civil Engineering; BS Mechanical Engineering; BS Computer Science; BS Software Engineering; MS Engineering; PhD Engineering,56.6,668978,23:1,204,True,September 15,ECAT,True,True,https://www.preston-institute-management.edu.pk
Indus University,Karachi,Sindh,2004,Private,,General,Defence & Strategic Studies,BS Defence Studies; BS Strategic Studies; MBA; MS War Studies; BS Computer Science,7.5,617635,19:1,205,True,November 30,NTS,True,True,https://www.indus.edu.pk
University of EAST,Hyderabad,Sindh,2004,Private,,General,General / Multi-disciplinary,BS Computer Science; BBA; MBA; BS Software Engineering; BS Psychology; LLB; BS Mass Communication,56.3,279934,21:1,206,True,January 15,SAT (optional),True,True,https://www.east.edu.pk
Aga Khan University,Karachi,Sindh,1983,Private,London,General,General / Multi-disciplinary,BS Computer Science; BBA; MBA; BS Software Engineering; BS Psychology; LLB; BS Mass Communication,16.6,789666,24:1,9,True,October 15,AKU Entry Test,True,True,https://www.aku.edu
Shaheed Mohtarma Benazir Bhutto Medical University,Larkana,Sindh,2008,Public,,General,Medical & Health Sciences,MBBS; BDS; Pharm-D; BS Nursing; BS Physiotherapy; MD; MS Pathology; MPH,61.6,120037,20:1,208,True,August 31,MDCAT,True,True,https://www.shaheed-mohtarma-benazir.edu.pk
Muhammad Ali Jinnah University,Karachi,Sindh,1998,Private,,General,General / Multi-disciplinary,BS Computer Science; BBA; MBA; BS Software Engineering; BS Psychology; LLB; BS Mass Communication,73.8,619078,21:1,209,True,February 28,SAT (optional),True,True,https://www.muhammad-ali-jinnah.edu.pk
Sindh Institute of Medical Sciences,Karachi,Sindh,2009,Private,,General,Medical & Health Sciences,MBBS; BDS; Pharm-D; BS Nursing; BS Physiotherapy; MD; MS Pathology; MPH,56.5,462371,19:1,210,True,September 30,MDCAT,True,True,https://www.sindh-institute-medical.edu.pk
Karachi School for Business and Leadership,Karachi,Sindh,2009,Private,,General,Business & Management,BBA; MBA; BS Commerce; BS Accounting & Finance; MS Management; BS Marketing; ACCA,74.9,377766,19:1,211,True,September 30,NTS,True,True,https://www.karachi-school-for.edu.pk
Habib University,Karachi,Sindh,2009,Private,,General,General / Multi-disciplinary,BS Computer Science; BBA; MBA; BS Software Engineering; BS Psychology; LLB; BS Mass Communication,59.2,380787,15:1,212,True,October 15,NTS,True,True,https://www.habib.edu.pk
Benazir Bhutto Shaheed University,Karachi,Sindh,2010,Public,,General,General / Multi-disciplinary,BS Computer Science; BS Physics; BS Chemistry; BS Mathematics; MBA; LLB; BS English; MS various,52.2,262705,32:1,213,True,September 15,University Own Test,True,True,https://www.benazir-bhutto-shaheed.edu.pk
"Shaheed Benazir Bhutto University, Benazirabad",Benazirabad,Sindh,2010,Public,"Sanghar,Naushehro Feroze",General,General / Multi-disciplinary,BS Computer Science; BS Physics; BS Chemistry; BS Mathematics; MBA; LLB; BS English; MS various,61.8,220922,24:1,214,True,September 15,NTS,True,True,https://www.shaheed-benazir-bhutto.edu.pk
KASB Institute of Technology,Karachi,Sindh,2011,Private,,General,Engineering & Technology,BS Electrical Engineering; BS Civil Engineering; BS Mechanical Engineering; BS Computer Science; BS Software Engineering; MS Engineering; PhD Engineering,55.8,686123,21:1,215,True,September 30,ECAT,False,True,https://www.kasb-institute-technology.edu.pk
Pir Abdul Qadir Shah Jeelani Institute of Medical Sciences,Khairpur,Sindh,2003,Public,,General,Medical & Health Sciences,MBBS; BDS; Pharm-D; BS Nursing; BS Physiotherapy; MD; MS Pathology; MPH,64.2,165423,23:1,216,True,September 15,MDCAT,True,True,https://www.pir-abdul-qadir.edu.pk
Jinnah Sindh Medical University,Karachi,Sindh,1973,Public,,General,Medical & Health Sciences,MBBS; BDS; Pharm-D; BS Nursing; BS Physiotherapy; MD; MS Pathology; MPH,38.5,87789,33:1,217,True,August 15,MDCAT,True,True,https://www.jinnah-sindh-medical.edu.pk
Shaheed Zulfiqar Ali Bhutto University of Law,Karachi,Sindh,2012,Public,,General,General / Multi-disciplinary,LLB; LLM; BS Law; MPhil Law; PhD Law,40.2,254872,28:1,218,True,August 31,University Own Test,True,True,https://www.shaheed-zulfiqar-ali.edu.pk
DHA Suffa University,Karachi,Sindh,2002,Private,,General,General / Multi-disciplinary,BS Computer Science; BBA; MBA; BS Software Engineering; BS Psychology; LLB; BS Mass Communication,72.8,520701,13:1,219,True,September 30,SAT (optional),True,True,https://www.dha-suffa.edu.pk
Nazeer Hussain University,Karachi,Sindh,2012,Private,,General,General / Multi-disciplinary,BS Computer Science; BBA; MBA; BS Software Engineering; BS Psychology; LLB; BS Mass Communication,63.4,346021,22:1,220,True,November 30,SAT (optional),False,False,https://www.nazeer-hussain.edu.pk
Peoples University of Medical and Health Sciences for Women,Benazirabad,Sindh,2013,Public,,General,Medical & Health Sciences,MBBS; BDS; Pharm-D; BS Nursing; BS Physiotherapy; MD; MS Pathology; MPH,40.1,215455,29:1,221,True,August 15,MDCAT,True,True,https://www.peoples-medical-health.edu.pk
Shaheed Benazir Bhutto University of Veterinary and Animal Sciences,Benazirabad,Sindh,2013,Public,,General,Agriculture & Veterinary Sciences,BS Agriculture; BS Horticulture; DVM; BS Food Science; MS Agricultural Sciences; BS Forestry,60.4,163763,23:1,222,True,July 31,HAT,True,True,https://www.shaheed-benazir-bhutto.edu.pk
Newports Institute of Communications and Economics,Karachi,Sindh,2013,Private,,General,General / Multi-disciplinary,BS Computer Science; BBA; MBA; BS Software Engineering; BS Psychology; LLB; BS Mass Communication,57.0,337006,12:1,223,True,July 15,University Own Test,False,True,https://www.newports-institute-communications.edu.pk
Shaheed Benazir Bhutto City University,Karachi,Sindh,2013,Private,,General,General / Multi-disciplinary,BS Computer Science; BBA; MBA; BS Software Engineering; BS Psychology; LLB; BS Mass Communication,60.8,376524,18:1,224,True,August 15,NTS,False,True,https://www.shaheed-benazir-bhutto.edu.pk
Shaheed Benazir Bhutto Dewan University,Karachi,Sindh,2013,Private,,General,General / Multi-disciplinary,BS Computer Science; BBA; MBA; BS Software Engineering; BS Psychology; LLB; BS Mass Communication,69.0,595508,14:1,225,True,August 15,NTS,False,False,https://www.shaheed-benazir-bhutto.edu.pk
"Hyderabad Institute of Arts, Science and Technology",Hyderabad,Sindh,2013,Private,,General,"Arts, Design & Architecture",BFA; BS Graphic Design; BS Architecture; BS Interior Design; MA Visual Arts; MFA,78.1,504906,22:1,226,True,August 31,ECAT,False,True,https://www.hyderabad-institute-arts.edu.pk
Qalandar Shahbaz University of Modern Sciences,Karachi,Sindh,2013,Private,,General,General / Multi-disciplinary,BS Computer Science; BBA; MBA; BS Software Engineering; BS Psychology; LLB; BS Mass Communication,69.5,301733,19:1,227,True,September 15,University Own Test,False,True,https://www.qalar-shahbaz-modern.edu.pk
Benazir Bhutto Shaheed University of Technology and Skill Development,Khairpur,Sindh,1950,Public,,Engineering and Technology,Engineering & Technology,BS Electrical Engineering; BS Civil Engineering; BS Mechanical Engineering; BS Computer Science; BS Software Engineering; MS Engineering; PhD Engineering,38.3,260929,34:1,228,True,August 31,ECAT,True,True,https://www.benazir-bhutto-shaheed.edu.pk
Begum Nusrat Bhutto Women University,Sukkur,Sindh,2018,Public,,General,General / Multi-disciplinary,BS Computer Science; BS Physics; BS Chemistry; BS Mathematics; MBA; LLB; BS English; MS various,58.3,91412,22:1,229,True,September 15,HAT,True,True,https://www.begum-nusrat-bhutto.edu.pk
University of Sufism and Modern Sciences,Bhit Shah,Sindh,2011,Public,,General,Islamic & Sufi Studies,BS Islamic Studies; LLB Shariah; MA Quran & Tafseer; MS Fiqh; PhD Islamic Studies; BA Arabic,67.6,128421,33:1,230,True,August 31,HAT,True,True,https://www.sufism-modern-sciences.edu.pk
Government College University Hyderabad,Hyderabad,Sindh,1917,Public,,General,General / Multi-disciplinary,BS Computer Science; BS Physics; BS Chemistry; BS Mathematics; MBA; LLB; BS English; MS various,63.4,102223,32:1,231,True,September 15,NTS,True,True,https://www.government-college-hyderabad.edu.pk
Shaikh Ayaz University,Shikarpur,Sindh,2011,Public,,General,General / Multi-disciplinary,BS Computer Science; BS Physics; BS Chemistry; BS Mathematics; MBA; LLB; BS English; MS various,45.1,199926,31:1,232,True,August 31,University Own Test,True,True,https://www.shaikh-ayaz.edu.pk
Ziauddin University,Karachi,Sindh,1986,Public,,General,General / Multi-disciplinary,BS Computer Science; BS Physics; BS Chemistry; BS Mathematics; MBA; LLB; BS English; MS various,46.9,267589,32:1,233,True,August 31,NTS,True,True,https://www.ziauddin.edu.pk
Salim Habib University,Karachi,Sindh,2015,Private,,General,General / Multi-disciplinary,BS Computer Science; BBA; MBA; BS Software Engineering; BS Psychology; LLB; BS Mass Communication,69.0,539556,24:1,234,True,July 15,SAT (optional),False,True,https://www.salim-habib.edu.pk
Mirpur University of Science and Technology,Mirpur,Azad Jammu and Kashmir,2008,Public,Bhimber,General,Engineering & Technology,BS Electrical Engineering; BS Civil Engineering; BS Mechanical Engineering; BS Computer Science; BS Software Engineering; MS Engineering; PhD Engineering,63.0,125024,27:1,235,True,August 31,ECAT,True,True,https://www.mirpur-science-technology.edu.pk
University of Azad Jammu and Kashmir,Muzaffarabad,Azad Jammu and Kashmir,1980,Public,"Neelam,Jhelum Valley",General,General / Multi-disciplinary,BS Computer Science; BS Physics; BS Chemistry; BS Mathematics; MBA; LLB; BS English; MS various,44.6,99841,28:1,236,True,August 15,University Own Test,True,True,https://www.azad-jammu-kashmir.edu.pk
University of Poonch,Rawalakot,Azad Jammu and Kashmir,2014,Public,"Sudhanoti,Haveli",General,General / Multi-disciplinary,BS Computer Science; BS Physics; BS Chemistry; BS Mathematics; MBA; LLB; BS English; MS various,40.9,214484,21:1,237,True,August 31,HAT,True,True,https://www.poonch.edu.pk
Al-Khair University,Mirpur,Azad Jammu and Kashmir,1994,Private,,General,General / Multi-disciplinary,BS Computer Science; BBA; MBA; BS Software Engineering; BS Psychology; LLB; BS Mass Communication,53.0,371292,23:1,238,True,August 15,NTS,True,True,https://www.al-khair.edu.pk
Mohi-ud-Din Islamic University,Nerian Sharif,Azad Jammu and Kashmir,2000,Private,,General,Islamic Studies,BS Islamic Studies; LLB Shariah; MA Quran & Tafseer; MS Fiqh; PhD Islamic Studies; BA Arabic,61.8,397843,14:1,239,True,August 31,NTS,True,True,https://www.mohi-ud-din-islamic.edu.pk
Women University of Azad Jammu and Kashmir Bagh,Bagh,Azad Jammu and Kashmir,2013,Public,,General,General / Multi-disciplinary,BS Computer Science; BS Physics; BS Chemistry; BS Mathematics; MBA; LLB; BS English; MS various,64.3,145907,28:1,240,True,August 15,HAT,True,True,https://www.women-azad-jammu.edu.pk
University of Kotli,Kotli,Azad Jammu and Kashmir,2014,Public,,General,General / Multi-disciplinary,BS Computer Science; BS Physics; BS Chemistry; BS Mathematics; MBA; LLB; BS English; MS various,65.4,176313,29:1,241,True,August 31,NTS,True,True,https://www.kotli.edu.pk
Karakoram International University,Gilgit,Gilgit-Baltistan,2002,Public,"Hunza Valley,Ghizar,Chilas",General,General / Multi-disciplinary,BS Computer Science; BS Physics; BS Chemistry; BS Mathematics; MBA; LLB; BS English; MS various,52.0,69739,24:1,242,True,August 15,University Own Test,True,True,https://www.karakoram-international.edu.pk
Baltistan University,Skardu,Gilgit-Baltistan,2017,Public,,General,General / Multi-disciplinary,BS Computer Science; BS Physics; BS Chemistry; BS Mathematics; MBA; LLB; BS English; MS various,59.7,154179,31:1,243,True,July 31,HAT,True,True,https://www.baltistan.edu.pk
